{
  "conversionFactor": {
    "driveBackup": 0.047286787200699704,
    "angleBackup": 28.125,
    "angle": 0.00012962962962962962,
    "drive": 2.83720723204198216024
  },
  "currentLimit": {
    "drive": 40,
    "angle": 20
  },
  "rampRate": {
    "drive": 0.25,
    "angle": 0.25
  },
  "wheelGripCoefficientOfFriction": 1.19,
  "optimalVoltage": 12
}